NumeroPedido,Produto,Categoria,Qtd,PrecoUnit,Data_Pedido,ClienteID
101,Mouse,Acessórios,2,50.0,05/01/2023,1001
102,Teclado,Acessórios,1,120.0,2023-01-05,1002
103,Monitor,Eletrônicos,2,650.0,07-01-2023,1003
104,Mouse,Acessórios,3,50,2023/01/07,1002
105,Cadeira Gamer,Móveis,1,800.0,10-01-2023,1004
106,,Acessórios,2,180.0,2023-01-12,1001
107,Notebook,Eletrônicos,,3500.0,2023-01-15,1005
108,Impressora,,1,700.0,17/01/2023,1003
109,Webcam,Acessórios,1,,19-01-2023,1006
110,Mousepad,Acessórios,3,30.0,2023-01-20,1002
111,Monitor,Eletrônicos,1,650.0,21/01/2023,1007
112,Cadeira Office,Móveis,2,500.0,,1001